{
  "test_type": "ensemble",
  "total_cases": 52,
  "binary_filter_recall": 1.0,
  "ensemble_accuracy": 0.15384615384615385,
  "average_confidence": 0.2074750977167882,
  "average_inference_time_ms": 4.714268904465896,
  "strategy_distribution": {
    "enhanced_weighted_voting_with_binary_filter": 52
  },
  "risk_level_distribution": {
    "CRITICAL": 47,
    "HIGH": 3,
    "MEDIUM": 2
  },
  "detailed_metrics": {
    "total_cases": 52,
    "binary_filter_performance": {
      "interesting_detected": 49,
      "total_interesting": 49
    },
    "ensemble_accuracy": {
      "correct": 8,
      "total": 52
    },
    "risk_assessment": {
      "CRITICAL": 47,
      "HIGH": 3,
      "MEDIUM": 2
    },
    "confidence_distribution": [
      0.15884253611931431,
      0.24623124416057876,
      0.2433270170138432,
      0.24394821203671965,
      0.15957236886024473,
      0.2324716059061197,
      0.23920724712885338,
      0.24517017373671895,
      0.2427204893185542,
      0.2454389677597926,
      0.24521639026128325,
      0.14212191104888916,
      0.243181980573214,
      0.21742078848183155,
      0.2444142928490272,
      0.2459962459710928,
      0.13249641935419093,
      0.20401658920141366,
      0.16131986232934442,
      0.24698282434390137,
      0.25517733358701694,
      0.2455076666978689,
      0.1536408245563507,
      0.15704759061336515,
      0.24368781080612764,
      0.18865065003961556,
      0.21677690958279677,
      0.23447098411046538,
      0.2353184796296633,
      0.13237625658512114,
      0.24664576466266924,
      0.2452250879544478,
      0.2430422879182375,
      0.14784662276506422,
      0.240215200644273,
      0.24200265682660613,
      0.24511752220300526,
      0.202848188493085,
      0.24392173381952137,
      0.2461144992938408,
      0.23518891288683963,
      0.15677023530006406,
      0.14910734592761749,
      0.14438806450920394,
      0.14009971022605894,
      0.14532710715124508,
      0.13161214739084243,
      0.243102850822302,
      0.12683759927749633,
      0.23782595075093782,
      0.24371180167564974,
      0.12900211811065673
    ],
    "strategy_usage": {
      "enhanced_weighted_voting_with_binary_filter": 52
    },
    "inference_times": [
      139.94669914245605,
      3.4418106079101562,
      2.3720264434814453,
      2.1126270294189453,
      2.0301342010498047,
      2.051115036010742,
      2.376079559326172,
      2.0389556884765625,
      2.0339488983154297,
      2.070903778076172,
      2.022981643676758,
      1.9941329956054688,
      1.9986629486083984,
      2.019166946411133,
      1.9998550415039062,
      2.0084381103515625,
      2.0186901092529297,
      1.9826889038085938,
      1.9633769989013672,
      1.9898414611816406,
      2.0334720611572266,
      1.9936561584472656,
      1.9621849060058594,
      1.9617080688476562,
      2.858877182006836,
      2.262115478515625,
      2.0520687103271484,
      1.9931793212890625,
      1.9614696502685547,
      1.9583702087402344,
      1.9421577453613281,
      1.9519329071044922,
      1.9330978393554688,
      1.9216537475585938,
      1.9397735595703125,
      1.9810199737548828,
      2.0127296447753906,
      1.9710063934326172,
      1.9555091857910156,
      1.9466876983642578,
      2.3856163024902344,
      1.9221305847167969,
      1.9295215606689453,
      1.9593238830566406,
      2.0182132720947266,
      2.210855484008789,
      1.9888877868652344,
      1.9381046295166016,
      1.9130706787109375,
      1.9459724426269531,
      1.9369125366210938,
      1.928567886352539
    ]
  }
}